agg1,agg2,agg3,agg4,i_item_id
38.57142857142857,50.92,134.33142857142857,22.611428571428572,AAAAAAAAAAAABAAA
35.0,79.15,13.221666666666668,35.196666666666665,AAAAAAAAAAAACAAA
48.0,96.46142857142857,15.608571428571429,35.191428571428574,AAAAAAAAAAABAAAA
32.6,51.518,74.246,23.28,AAAAAAAAAAABBAAA
45.2,72.458,527.998,35.017,AAAAAAAAAAABDAAA
39.22222222222222,83.41,140.74555555555557,44.16,AAAAAAAAAAACAAAA
76.66666666666667,85.30333333333333,1146.23,61.29666666666667,AAAAAAAAAAACCAAA
30.5,60.425,233.75833333333333,38.55833333333333,AAAAAAAAAAADBAAA
56.90909090909091,74.82636363636364,161.14,36.56181818181818,AAAAAAAAAAADCAAA
55.8,89.538,4.533,51.697,AAAAAAAAAAAEAAAA
29.285714285714285,47.16571428571429,269.8457142857143,20.422857142857143,AAAAAAAAAAAEBAAA
37.0,56.77857142857143,0.0,26.692857142857143,AAAAAAAAAAAFAAAA
40.0,74.43384615384615,75.23384615384616,43.356923076923074,AAAAAAAAAAAFCAAA
52.5,62.42,189.58,42.031666666666666,AAAAAAAAAAAGBAAA
41.111111111111114,73.06333333333333,0.0,54.39555555555555,AAAAAAAAAAAGCAAA
61.42857142857143,104.77857142857142,1705.0028571428572,70.61285714285714,AAAAAAAAAAAHAAAA
60.625,69.89,513.83,52.735,AAAAAAAAAAAHBAAA
55.5,83.375,0.0,61.04833333333333,AAAAAAAAAAAIAAAA
52.333333333333336,100.42888888888889,248.87222222222223,59.03777777777778,AAAAAAAAAAAICAAA
50.5,105.77,762.26,59.76,AAAAAAAAAAAJBAAA
47.666666666666664,67.83666666666667,0.0,37.79,AAAAAAAAAAAJCAAA
51.888888888888886,68.71777777777778,0.0,28.155555555555555,AAAAAAAAAAAKAAAA
73.88888888888889,43.346666666666664,31.376666666666665,16.613333333333333,AAAAAAAAAAAKBAAA
56.2,30.522,146.135,21.211,AAAAAAAAAAALAAAA
42.666666666666664,85.19666666666667,0.0,56.19,AAAAAAAAAAALCAAA
63.4,90.558,0.0,52.002,AAAAAAAAAAAMBAAA
53.6,92.818,199.518,28.384,AAAAAAAAAAAMCAAA
53.142857142857146,113.84142857142857,112.83571428571429,82.80285714285715,AAAAAAAAAAANAAAA
47.333333333333336,65.88666666666667,0.0,37.96,AAAAAAAAAAANBAAA
32.5,26.73,0.0,20.37,AAAAAAAAAAAOAAAA
36.8,70.971,108.453,22.082,AAAAAAAAAAAOCAAA
5.5,114.715,8.41,30.38,AAAAAAAAAAAPBAAA
46.875,60.9225,0.0,36.365,AAAAAAAAAAAPCAAA
52.333333333333336,50.20111111111111,9.14,20.215555555555557,AAAAAAAAAABAAAAA
51.666666666666664,36.57666666666667,55.0625,24.4725,AAAAAAAAAABABAAA
56.875,103.64125,12.27625,66.405,AAAAAAAAAABADAAA
54.0,103.98,2053.646,70.106,AAAAAAAAAABBAAAA
46.5,61.01,0.0,8.445,AAAAAAAAAABBCAAA
60.0,51.305,0.0,10.586666666666666,AAAAAAAAAABBDAAA
39.888888888888886,87.66888888888889,337.2133333333333,31.274444444444445,AAAAAAAAAABCBAAA
55.0,107.796,182.125,51.807,AAAAAAAAAABCCAAA
65.4,46.583,51.669,21.289,AAAAAAAAAABDAAAA
33.4,81.968,298.536,44.2,AAAAAAAAAABDBAAA
67.75,103.56,0.0,50.8775,AAAAAAAAAABEAAAA
51.38461538461539,75.74692307692308,397.7476923076923,39.245384615384616,AAAAAAAAAABECAAA
36.0,79.58666666666667,19.736666666666668,38.2,AAAAAAAAAABFBAAA
50.6,122.27,195.822,84.184,AAAAAAAAAABFCAAA
64.44444444444444,55.778888888888886,280.9788888888889,28.837777777777777,AAAAAAAAAABGAAAA
48.42857142857143,83.87,0.0,29.102857142857143,AAAAAAAAAABGBAAA
49.8,85.778,0.0,10.19,AAAAAAAAAABHAAAA
50.333333333333336,52.424,37.65,28.824,AAAAAAAAAABHCAAA
48.833333333333336,77.87666666666667,9.621666666666666,45.3825,AAAAAAAAAABIBAAA
37.714285714285715,93.57428571428571,50.73714285714286,62.69,AAAAAAAAAABICAAA
39.72727272727273,69.63454545454546,180.70545454545456,35.624545454545455,AAAAAAAAAABJAAAA
65.57142857142857,95.14285714285714,29.216666666666665,32.597142857142856,AAAAAAAAAABJBAAA
46.7,49.309,0.0,33.265,AAAAAAAAAABKAAAA
52.8,81.226,2059.862,64.744,AAAAAAAAAABKCAAA
80.25,24.2875,139.0775,7.055,AAAAAAAAAABLBAAA
42.166666666666664,85.18,0.0,33.37833333333333,AAAAAAAAAABLCAAA
37.833333333333336,67.61,14.086666666666666,32.46666666666667,AAAAAAAAAABMAAAA
48.333333333333336,70.69666666666667,88.555,23.043333333333333,AAAAAAAAAABMBAAA
48.75,37.325,4.975,30.11,AAAAAAAAAABNAAAA
37.57142857142857,83.46714285714286,138.3057142857143,28.344285714285714,AAAAAAAAAABNCAAA
56.0,81.6175,0.0,34.265,AAAAAAAAAABOBAAA
40.55555555555556,102.63333333333334,80.77555555555556,43.16222222222222,AAAAAAAAAABOCAAA
58.888888888888886,54.75111111111111,32.675555555555555,12.792222222222222,AAAAAAAAAABPAAAA
42.0,76.81333333333333,0.0,51.31333333333333,AAAAAAAAAABPBAAA
56.55555555555556,66.307,23.761111111111113,16.073,AAAAAAAAAACAAAAA
42.75,60.665,31.0525,35.545,AAAAAAAAAACACAAA
43.5,85.73,131.28625,44.45125,AAAAAAAAAACADAAA
52.25,94.67,135.79,42.785,AAAAAAAAAACBBAAA
57.333333333333336,111.67333333333333,0.0,40.82,AAAAAAAAAACBCAAA
16.0,20.27,0.0,5.06,AAAAAAAAAACCAAAA
76.5,87.37666666666667,218.425,25.666666666666668,AAAAAAAAAACCBAAA
54.0,58.276,462.302,35.84,AAAAAAAAAACDAAAA
50.72727272727273,94.02909090909091,85.44909090909091,42.82454545454546,AAAAAAAAAACDCAAA
76.0,58.54666666666667,866.94,20.226666666666667,AAAAAAAAAACEBAAA
59.75,115.305,547.02,90.4025,AAAAAAAAAACECAAA
37.857142857142854,110.54142857142857,33.371428571428574,60.91285714285714,AAAAAAAAAACFAAAA
50.5,90.0525,1690.3325,62.035,AAAAAAAAAACFBAAA
51.375,43.54625,14.13,25.295,AAAAAAAAAACGAAAA
96.0,50.03333333333333,0.0,33.56666666666667,AAAAAAAAAACGCAAA
47.77777777777778,61.67333333333333,341.385,30.994,AAAAAAAAAACHBAAA
29.333333333333332,78.32666666666667,0.0,51.31,AAAAAAAAAACHCAAA
50.285714285714285,90.81857142857143,85.43142857142857,41.34428571428571,AAAAAAAAAACIAAAA
79.0,56.02333333333333,521.0233333333333,26.163333333333334,AAAAAAAAAACIBAAA
65.28571428571429,56.044285714285714,22.181428571428572,24.62857142857143,AAAAAAAAAACJAAAA
48.625,94.52875,0.0,41.26,AAAAAAAAAACJCAAA
47.0,78.98,423.6175,35.4925,AAAAAAAAAACKBAAA
52.25,137.165,0.0,62.7825,AAAAAAAAAACKCAAA
54.55555555555556,65.482,390.796,28.27111111111111,AAAAAAAAAACLAAAA
49.875,75.835,86.02375,30.9,AAAAAAAAAACLBAAA
37.0,81.5,30.231428571428573,24.021428571428572,AAAAAAAAAACMAAAA
58.857142857142854,66.01142857142857,0.0,51.13142857142857,AAAAAAAAAACMCAAA
56.5,81.365,0.0,15.803333333333333,AAAAAAAAAACNBAAA
53.0,95.177,69.101,51.398,AAAAAAAAAACNCAAA
50.5,89.51625,0.0,48.3425,AAAAAAAAAACOAAAA
51.5,44.668,200.725,23.072,AAAAAAAAAACOBAAA
43.833333333333336,80.20166666666667,0.0,55.46,AAAAAAAAAACPAAAA
32.833333333333336,54.571666666666665,15.625,21.335,AAAAAAAAAACPCAAA
